{
  "type": "FeatureCollection",
  "features": [
    {
      "type": "Feature",
      "properties": {
        "id": "platform_1",
        "name": "Platform 1",
        "type": "platform",
        "category": "platform",
        "floor": 0,
        "color": "#b0b0b0",
        "height": 1.2,
        "base": 0
      },
      "geometry": {
        "coordinates": [
          [
            [
              72.82418210324292,
              18.944762024989046
            ],
            [
              72.82424144186234,
              18.944795143676018
            ],
            [
              72.82416238789469,
              18.94490450281546
            ],
            [
              72.8240648624917,
              18.945039993283856
            ],
            [
              72.82394898830827,
              18.945200143596693
            ],
            [
              72.82386360064075,
              18.945319381219832
            ],
            [
              72.82379615916454,
              18.945412677127734
            ],
            [
              72.82374672674197,
              18.945480810110226
            ],
            [
              72.82373400494285,
              18.945499448320078
            ],
            [
              72.82371016315946,
              18.94553177536548
            ],
            [
              72.82370598434844,
              18.945538347049677
            ],
            [
              72.82366267936376,
              18.94560455175369
            ],
            [
              72.82352415623757,
              18.94581642836239
            ],
            [
              72.8232864378565,
              18.946180038302728
            ],
            [
              72.82323686234409,
              18.946255819638395
            ],
            [
              72.82317886424349,
              18.94634450891408
            ],
            [
              72.8231300022081,
              18.946419948393768
            ],
            [
              72.82311372642485,
              18.94644523162711
            ],
            [
              72.82309944764737,
              18.946468571955734
            ],
            [
              72.82308690136077,
              18.946488951947714
            ],
            [
              72.8230702464785,
              18.94651690585367
            ],
            [
              72.82300657667543,
              18.94662268300702
            ],
            [
              72.82298440006531,
              18.946659517833325
            ],
            [
              72.82293966554403,
              18.946734320163046
            ],
            [
              72.82284371015675,
              18.94689390318905
            ],
            [
              72.82280746677475,
              18.94687535685908
            ],
            [
              72.8229745661594,
              18.9465959467854
            ],
            [
              72.82298482154107,
              18.946577810237727
            ],
            [
              72.82299533248204,
              18.946560428722698
            ],
            [
              72.82301627511194,
              18.94652522353656
            ],
            [
              72.82305804550538,
              18.946455513875666
            ],
            [
              72.82314349985657,
              18.94631737975098
            ],
            [
              72.82327828278983,
              18.946097742946066
            ],
            [
              72.82348905536446,
              18.945755115422614
            ],
            [
              72.82355558986055,
              18.945646726152418
            ],
            [
              72.82360126594182,
              18.94557276729475
            ],
            [
              72.82367624105285,
              18.945449382244973
            ],
            [
              72.82371311077364,
              18.945401187624327
            ],
            [
              72.8237519315241,
              18.945350932871676
            ],
            [
              72.82389676190348,
              18.945160980224344
            ],
            [
              72.82390334256866,
              18.945153517605576
            ],
            [
              72.82391009300267,
              18.945142883051147
            ],
            [
              72.82404882982979,
              18.94494899258028
            ],
            [
              72.82418210324292,
              18.944762024989046
            ]
          ]
        ],
        "type": "Polygon"
      }
    },
    {
      "type": "Feature",
      "properties": {
        "id": "platform_2",
        "name": "Platform 2",
        "type": "platform",
        "category": "platform",
        "floor": 0,
        "color": "#b0b0b0",
        "height": 1.2,
        "base": 0
      },
      "geometry": {
        "coordinates": [
          [
            [
              72.8244370158742,
              18.944651725617874
            ],
            [
              72.82446220117129,
              18.944665319386047
            ],
            [
              72.82433890443966,
              18.944842584924515
            ],
            [
              72.82404623384733,
              18.945271538446164
            ],
            [
              72.82384449754173,
              18.945567447160087
            ],
            [
              72.82369746080013,
              18.945782104242113
            ],
            [
              72.82349392905843,
              18.9460816292426
            ],
            [
              72.82327725149415,
              18.946398584939786
            ],
            [
              72.8232031047902,
              18.946500512012662
            ],
            [
              72.82314096873714,
              18.946594170036718
            ],
            [
              72.82309679641003,
              18.94666370393425
            ],
            [
              72.82298303061356,
              18.94685017081474
            ],
            [
              72.82291759629999,
              18.946953211564335
            ],
            [
              72.82290533846225,
              18.94694653462861
            ],
            [
              72.8230656159769,
              18.94665993322839
            ],
            [
              72.8231143081791,
              18.946572616956644
            ],
            [
              72.82312977610249,
              18.946548296907437
            ],
            [
              72.823149074137,
              18.946518132176763
            ],
            [
              72.82317229060695,
              18.94648063614001
            ],
            [
              72.8231972514427,
              18.946448436227513
            ],
            [
              72.82325468452086,
              18.946374313701654
            ],
            [
              72.82325974935017,
              18.946367019817117
            ],
            [
              72.82327187760472,
              18.946349496131205
            ],
            [
              72.82329297490571,
              18.94631826843208
            ],
            [
              72.82330902110152,
              18.94629443075617
            ],
            [
              72.82333577560985,
              18.946255564396665
            ],
            [
              72.82337655035747,
              18.946196552050623
            ],
            [
              72.82338984796996,
              18.94617727470755
            ],
            [
              72.82340810625658,
              18.946150627527032
            ],
            [
              72.823459598858,
              18.946075412365218
            ],
            [
              72.82361561819022,
              18.945846680282344
            ],
            [
              72.82367240249602,
              18.94576370562453
            ],
            [
              72.82369709486872,
              18.945727588996746
            ],
            [
              72.8237929292271,
              18.945587192739453
            ],
            [
              72.82381176123369,
              18.945559684645417
            ],
            [
              72.82383001583256,
              18.94553276769382
            ],
            [
              72.82388572564491,
              18.945450986807685
            ],
            [
              72.82434068185916,
              18.944788759887103
            ],
            [
              72.8244370158742,
              18.944651725617874
            ]
          ]
        ],
        "type": "Polygon"
      }
    },
    {
      "type": "Feature",
      "properties": {
        "id": "platform_3",
        "name": "Platform 3",
        "type": "platform",
        "category": "platform",
        "floor": 0,
        "color": "#b0b0b0",
        "height": 1.2,
        "base": 0
      },
      "geometry": {
        "coordinates": [
          [
            [
              72.82291747896738,
              18.946953242754347
            ],
            [
              72.82293149740141,
              18.946930906567587
            ],
            [
              72.82296963704482,
              18.94687208141839
            ],
            [
              72.82303946958194,
              18.94675814432044
            ],
            [
              72.82310119736991,
              18.946656625649894
            ],
            [
              72.82315925346495,
              18.94656602676936
            ],
            [
              72.82320189749501,
              18.94650241269035
            ],
            [
              72.82320653446783,
              18.94649541484432
            ],
            [
              72.82322408016765,
              18.946471223046373
            ],
            [
              72.82323102872638,
              18.94646169396482
            ],
            [
              72.82325384892775,
              18.94643073500889
            ],
            [
              72.82327727554758,
              18.94639843617172
            ],
            [
              72.82331670920291,
              18.94634074128838
            ],
            [
              72.82344060612999,
              18.94615970190368
            ],
            [
              72.82365184559049,
              18.945848889393204
            ],
            [
              72.8237570348189,
              18.945694820332918
            ],
            [
              72.82393876044236,
              18.945429077202107
            ],
            [
              72.82404719331535,
              18.94526996536365
            ],
            [
              72.8241659087102,
              18.94509613029166
            ],
            [
              72.82429925529416,
              18.944900536680862
            ],
            [
              72.82437528303458,
              18.944790143845793
            ],
            [
              72.82446222926276,
              18.944665455017102
            ],
            [
              72.82448938153934,
              18.94468077436197
            ],
            [
              72.82443378886816,
              18.944761015454603
            ],
            [
              72.82436947231506,
              18.944853948334753
            ],
            [
              72.82425641512984,
              18.945020363237916
            ],
            [
              72.82420399014032,
              18.945098277741153
            ],
            [
              72.82411671970186,
              18.945226106376467
            ],
            [
              72.82387442719542,
              18.94558320155545
            ],
            [
              72.82375640368292,
              18.945756688961893
            ],
            [
              72.82371883622528,
              18.945812309255942
            ],
            [
              72.82362778956852,
              18.945946204261617
            ],
            [
              72.82351700342119,
              18.94610903099941
            ],
            [
              72.82347566125696,
              18.94617010077762
            ],
            [
              72.82342136049579,
              18.94624928116278
            ],
            [
              72.82337480128959,
              18.94631781289233
            ],
            [
              72.82332715006658,
              18.94638957892988
            ],
            [
              72.82324519002202,
              18.94650646058446
            ],
            [
              72.82318121215081,
              18.946598997431266
            ],
            [
              72.82307465694066,
              18.946751653353758
            ],
            [
              72.82298386702305,
              18.946881994146224
            ],
            [
              72.8229296397472,
              18.946960048966872
            ],
            [
              72.82291747896738,
              18.946953242754347
            ]
          ]
        ],
        "type": "Polygon"
      }
    },
    {
      "type": "Feature",
      "properties": {
        "id": "platform_4",
        "name": "Platform 4",
        "type": "platform",
        "category": "platform",
        "floor": 0,
        "color": "#b0b0b0",
        "height": 1.2,
        "base": 0
      },
      "geometry": {
        "coordinates": [
          [
            [
              72.82451081868825,
              18.944793843060012
            ],
            [
              72.82455610369985,
              18.944825465995237
            ],
            [
              72.82450509761648,
              18.944903250699184
            ],
            [
              72.82430631692833,
              18.945205071141473
            ],
            [
              72.82417299361262,
              18.945407997010378
            ],
            [
              72.82404171340866,
              18.945606851691508
            ],
            [
              72.82400971127618,
              18.9456551664953
            ],
            [
              72.82388826416988,
              18.945826748045036
            ],
            [
              72.8238657506987,
              18.94585810456546
            ],
            [
              72.82385960717033,
              18.945867212236124
            ],
            [
              72.8237655804889,
              18.94599924932791
            ],
            [
              72.82365969268474,
              18.94614835821146
            ],
            [
              72.82361567952725,
              18.946209984458974
            ],
            [
              72.82344546345661,
              18.946449582185423
            ],
            [
              72.82332289497418,
              18.94662109086343
            ],
            [
              72.82320601060675,
              18.946786041909917
            ],
            [
              72.8230074004087,
              18.947066859917527
            ],
            [
              72.82296599971482,
              18.947050527640698
            ],
            [
              72.82308788605789,
              18.946870459518223
            ],
            [
              72.82322961682343,
              18.94666181211163
            ],
            [
              72.82332013521886,
              18.946528278909454
            ],
            [
              72.82333714537788,
              18.946503645987192
            ],
            [
              72.82336273380497,
              18.946466859509314
            ],
            [
              72.82349671557685,
              18.94627297174391
            ],
            [
              72.82360399699652,
              18.946118197191367
            ],
            [
              72.82372870862733,
              18.945937647412777
            ],
            [
              72.82383496494066,
              18.945784148615658
            ],
            [
              72.82394967947943,
              18.94561840852721
            ],
            [
              72.82404693049423,
              18.94547567412266
            ],
            [
              72.82408966634495,
              18.945412617260487
            ],
            [
              72.82415570889583,
              18.945315573084855
            ],
            [
              72.82424461753692,
              18.945184955450358
            ],
            [
              72.82430932457046,
              18.94508982664999
            ],
            [
              72.82437228432167,
              18.944997273207548
            ],
            [
              72.82444998947219,
              18.944883398147965
            ],
            [
              72.82451081868825,
              18.944793843060012
            ]
          ]
        ],
        "type": "Polygon"
      }
    },
    {
      "type": "Feature",
      "properties": {
        "id": "Booking Office",
        "name": "Booking Office",
        "type": "room",
        "category": "building",
        "floor": 0,
        "color": "#d4b896",
        "height": 12,
        "base": 0
      },
      "geometry": {
        "coordinates": [
          [
            [
              72.82433266919818,
              18.944530860104734
            ],
            [
              72.82439637223666,
              18.944572687118892
            ],
            [
              72.82447713978974,
              18.944625070369597
            ],
            [
              72.824464660068,
              18.94464064700641
            ],
            [
              72.82445131240115,
              18.944659481579706
            ],
            [
              72.82443704811033,
              18.94465171432438
            ],
            [
              72.82430016669196,
              18.94484605588721
            ],
            [
              72.82423425286422,
              18.944805715199266
            ],
            [
              72.8242409780834,
              18.944794926015604
            ],
            [
              72.82418189763669,
              18.94476199805075
            ],
            [
              72.82417583278908,
              18.94477029725614
            ],
            [
              72.8241647860691,
              18.944763142062072
            ],
            [
              72.82419504596697,
              18.944721348692568
            ],
            [
              72.82422574156487,
              18.944678541600084
            ],
            [
              72.82425581043765,
              18.944636639887335
            ],
            [
              72.82428147490734,
              18.944601216617684
            ],
            [
              72.82431243100058,
              18.94455756917364
            ],
            [
              72.82431822926571,
              18.944549613064908
            ],
            [
              72.82433266919818,
              18.944530860104734
            ]
          ]
        ],
        "type": "Polygon"
      }
    },
    {
      "type": "Feature",
      "properties": {
        "id": "fob_center",
        "name": "FOB (North)",
        "type": "bridge",
        "category": "fob",
        "floor": 1,
        "color": "#59717d",
        "height": 8,
        "base": 6
      },
      "geometry": {
        "coordinates": [
          [
            [
              72.82319895188166,
              18.946273117857928
            ],
            [
              72.82318692296414,
              18.946266434941293
            ],
            [
              72.82319444469553,
              18.946254902310585
            ],
            [
              72.8232365178032,
              18.94627922673405
            ],
            [
              72.82327202109462,
              18.94629959943272
            ],
            [
              72.8233089432166,
              18.946320788305258
            ],
            [
              72.82332596199637,
              18.946330607016165
            ],
            [
              72.82336837195601,
              18.946353897396904
            ],
            [
              72.82343211634586,
              18.946389155182302
            ],
            [
              72.82347566239861,
              18.9464130409752
            ],
            [
              72.82349239230271,
              18.94642336487884
            ],
            [
              72.82352037767546,
              18.946436211188384
            ],
            [
              72.82348516194503,
              18.94648884017289
            ],
            [
              72.82365366841125,
              18.946592518910037
            ],
            [
              72.82364367570005,
              18.94660516911476
            ],
            [
              72.82363064336408,
              18.946597625267927
            ],
            [
              72.8235765285639,
              18.946562098957685
            ],
            [
              72.82351351084674,
              18.946523069890972
            ],
            [
              72.82346402265463,
              18.946493093671506
            ],
            [
              72.82349967283733,
              18.946441685652346
            ],
            [
              72.82348658930763,
              18.946435625979433
            ],
            [
              72.82345325229065,
              18.946415801339285
            ],
            [
              72.82344114234942,
              18.946409222252953
            ],
            [
              72.82337655378163,
              18.946373317965836
            ],
            [
              72.82331809355875,
              18.94634104752693
            ],
            [
              72.82330594177546,
              18.94633427159424
            ],
            [
              72.82321239201758,
              18.946280653951362
            ],
            [
              72.82319895188166,
              18.946273117857928
            ]
          ]
        ],
        "type": "Polygon"
      }
    },
    {
      "type": "Feature",
      "properties": {
        "id": "Toilets",
        "name": "Toilets",
        "type": "room",
        "category": "building",
        "floor": 0,
        "color": "#d4b896",
        "height": 4,
        "base": 0
      },
      "geometry": {
        "coordinates": [
          [
            [
              72.8234877962224,
              18.946441039217703
            ],
            [
              72.82347305166954,
              18.946461574113314
            ],
            [
              72.8234242368161,
              18.946432005648532
            ],
            [
              72.82343884858383,
              18.946411699681633
            ],
            [
              72.8234877962224,
              18.946441039217703
            ]
          ]
        ],
        "type": "Polygon"
      }
    },
    {
      "type": "Feature",
      "properties": {
        "id": "fob_center",
        "name": "(FOB) Center",
        "type": "bridge",
        "category": "fob",
        "floor": 1,
        "color": "#59717d",
        "height": 8,
        "base": 6
      },
      "geometry": {
        "coordinates": [
          [
            [
              72.82356844872604,
              18.94567065667958
            ],
            [
              72.82356286062708,
              18.945667136781694
            ],
            [
              72.82356998517065,
              18.9456558326999
            ],
            [
              72.82358122067185,
              18.945663258547
            ],
            [
              72.8236075643654,
              18.945678436365014
            ],
            [
              72.82366026322984,
              18.94571002214809
            ],
            [
              72.8236873945308,
              18.945725942827906
            ],
            [
              72.82373744861152,
              18.945755519366628
            ],
            [
              72.82376349893201,
              18.94577071876718
            ],
            [
              72.82380787275267,
              18.945797369362026
            ],
            [
              72.82386515140027,
              18.945831330912668
            ],
            [
              72.82389873013949,
              18.945851578131382
            ],
            [
              72.8239197228429,
              18.945862860576824
            ],
            [
              72.82399543954949,
              18.945903206927582
            ],
            [
              72.82408380176267,
              18.94595013911531
            ],
            [
              72.82407647506827,
              18.945961144608248
            ],
            [
              72.8239874253284,
              18.945913610274133
            ],
            [
              72.82391993752913,
              18.945878068474855
            ],
            [
              72.82388563083501,
              18.945860256239612
            ],
            [
              72.8238275158244,
              18.945825242437493
            ],
            [
              72.82376493072715,
              18.94578702101991
            ],
            [
              72.82367382620086,
              18.94573304769702
            ],
            [
              72.82357252902241,
              18.945673805507397
            ],
            [
              72.82356844872604,
              18.94567065667958
            ]
          ]
        ],
        "type": "Polygon"
      }
    },
    {
      "type": "Feature",
      "properties": {
        "id": "fob glyover",
        "name": "Flyover (FOB)",
        "type": "bridge",
        "category": "fob",
        "floor": 1,
        "color": "#59717d",
        "height": 8,
        "base": 6
      },
      "geometry": {
        "coordinates": [
          [
            [
              72.8248775655467,
              18.94475928762391
            ],
            [
              72.82487764218445,
              18.944819452284293
            ],
            [
              72.82491116987443,
              18.94483528155467
            ],
            [
              72.82490047349424,
              18.94485061783186
            ],
            [
              72.82486073600157,
              18.94483234938364
            ],
            [
              72.82481476369125,
              18.944842170403184
            ],
            [
              72.8247847261655,
              18.94482721619929
            ],
            [
              72.8248583161708,
              18.944809638523097
            ],
            [
              72.82462945788785,
              18.94470125702253
            ],
            [
              72.8246117579352,
              18.944693643966296
            ],
            [
              72.82458951202658,
              18.94468458760845
            ],
            [
              72.82455178474342,
              18.944669078875478
            ],
            [
              72.82451473155692,
              18.944653503794584
            ],
            [
              72.8244695968091,
              18.94463536322189
            ],
            [
              72.82447764035874,
              18.944625072346966
            ],
            [
              72.82433340552512,
              18.94453108667595
            ],
            [
              72.82432213438389,
              18.94454159317178
            ],
            [
              72.8242480317606,
              18.94449438236544
            ],
            [
              72.82417126033408,
              18.94444434437223
            ],
            [
              72.82418604092592,
              18.9444129692926
            ],
            [
              72.82427281575306,
              18.944460862972633
            ],
            [
              72.82439266543358,
              18.944525883645056
            ],
            [
              72.82449079686117,
              18.94458101399674
            ],
            [
              72.82462846231991,
              18.944646505153614
            ],
            [
              72.8248775655467,
              18.94475928762391
            ]
          ]
        ],
        "type": "Polygon"
      }
    },
    {
      "type": "Feature",
      "properties": {
        "id": "fob glyover",
        "name": "Flyover (FOB)",
        "type": "bridge",
        "category": "fob",
        "floor": 1,
        "color": "#59717d",
        "height": 8,
        "base": 6
      },
      "geometry": {
        "coordinates": [
          [
            [
              72.8248775655467,
              18.94475928762391
            ],
            [
              72.82487764218445,
              18.944819452284293
            ],
            [
              72.82491116987443,
              18.94483528155467
            ],
            [
              72.82490047349424,
              18.94485061783186
            ],
            [
              72.82486073600157,
              18.94483234938364
            ],
            [
              72.82481476369125,
              18.944842170403184
            ],
            [
              72.8247847261655,
              18.94482721619929
            ],
            [
              72.8248583161708,
              18.944809638523097
            ],
            [
              72.82462945788785,
              18.94470125702253
            ],
            [
              72.8246117579352,
              18.944693643966296
            ],
            [
              72.82458951202658,
              18.94468458760845
            ],
            [
              72.82455178474342,
              18.944669078875478
            ],
            [
              72.82451473155692,
              18.944653503794584
            ],
            [
              72.8244695968091,
              18.94463536322189
            ],
            [
              72.82447764035874,
              18.944625072346966
            ],
            [
              72.82433340552512,
              18.94453108667595
            ],
            [
              72.82432213438389,
              18.94454159317178
            ],
            [
              72.8242480317606,
              18.94449438236544
            ],
            [
              72.82417126033408,
              18.94444434437223
            ],
            [
              72.82418604092592,
              18.9444129692926
            ],
            [
              72.82427281575306,
              18.944460862972633
            ],
            [
              72.82439266543358,
              18.944525883645056
            ],
            [
              72.82449079686117,
              18.94458101399674
            ],
            [
              72.82462846231991,
              18.944646505153614
            ],
            [
              72.8248775655467,
              18.94475928762391
            ]
          ]
        ],
        "type": "Polygon"
      }
    },
    {
      "type": "Feature",
      "properties": {
        "id": "fob_South",
        "name": "FOB (South)",
        "type": "bridge",
        "category": "fob",
        "floor": 1,
        "color": "#59717d",
        "height": 8,
        "base": 6
      },
      "geometry": {
        "coordinates": [
          [
            [
              72.82461199402232,
              18.944693702273213
            ],
            [
              72.82462550977718,
              18.94469908503234
            ],
            [
              72.8246181679252,
              18.944710668765424
            ],
            [
              72.8245769694771,
              18.944693679704628
            ],
            [
              72.8245330372184,
              18.944675386395076
            ],
            [
              72.82449297393114,
              18.9446589503942
            ],
            [
              72.82446119349765,
              18.944645808941004
            ],
            [
              72.82446532183101,
              18.944640018794217
            ],
            [
              72.82446961749883,
              18.94463488246737
            ],
            [
              72.82452352029361,
              18.944657262851393
            ],
            [
              72.82455329741202,
              18.944669764756014
            ],
            [
              72.82458602376423,
              18.944683266406003
            ],
            [
              72.82460293145019,
              18.944690238626734
            ],
            [
              72.82461199402232,
              18.944693702273213
            ]
          ]
        ],
        "type": "Polygon"
      }
    },
    {
      "type": "Feature",
      "properties": {
        "id": "elevator_1",
        "name": "Lift 1",
        "type": "elevator",
        "category": "vertical_circulation",
        "floor_from": 0,
        "floor_to": 1,
        "accessible": true,
        "color": "#4169E1",
        "height": 8,
        "base": 0
      },
      "geometry": {
        "coordinates": [
          [
            [
              72.82349274046425,
              18.946438398618696
            ],
            [
              72.82348525272684,
              18.946450248411267
            ],
            [
              72.82347204478143,
              18.94644307811093
            ],
            [
              72.82347925991323,
              18.946431623416217
            ],
            [
              72.82349274046425,
              18.946438398618696
            ]
          ]
        ],
        "type": "Polygon"
      }
    },
    {
      "type": "Feature",
      "properties": {
        "id": "Entry 1",
        "name": "Entry 1",
        "type": "amenity",
        "category": "waiting area",
        "floor": 0,
        "color": "#4CAF50",
        "height": 0.1,
        "base": 0
      },
      "geometry": {
        "coordinates": [
          [
            [
              72.8235848295337,
              18.946295660943363
            ],
            [
              72.82360079203747,
              18.946305308320532
            ],
            [
              72.82359020754575,
              18.94631979731129
            ],
            [
              72.82357428431192,
              18.946309797344085
            ],
            [
              72.8235848295337,
              18.946295660943363
            ]
          ]
        ],
        "type": "Polygon"
      }
    },
    {
      "type": "Feature",
      "properties": {
        "id": "Entry 2",
        "name": "Entry 2",
        "type": "amenity",
        "category": "waiting area",
        "floor": 0,
        "color": "#4CAF50",
        "height": 0.1,
        "base": 0
      },
      "geometry": {
        "coordinates": [
          [
            [
              72.8240095635739,
              18.945657516906522
            ],
            [
              72.82403785097029,
              18.94567356647383
            ],
            [
              72.82402264015835,
              18.94569717324299
            ],
            [
              72.82399392046744,
              18.945680164568728
            ],
            [
              72.8240095635739,
              18.945657516906522
            ]
          ]
        ],
        "type": "Polygon"
      }
    },
    {
      "type": "Feature",
      "properties": {
        "id": "Entry 3",
        "name": "Entry 3",
        "type": "amenity",
        "category": "waiting area",
        "floor": 0,
        "color": "#4CAF50",
        "height": 0.1,
        "base": 0
      },
      "geometry": {
        "coordinates": [
          [
            [
              72.82433520539098,
              18.94516433735403
            ],
            [
              72.82436005561684,
              18.94517879188068
            ],
            [
              72.82434349779837,
              18.94520359490619
            ],
            [
              72.82431887909996,
              18.945189092148084
            ],
            [
              72.82433520539098,
              18.94516433735403
            ]
          ]
        ],
        "type": "Polygon"
      }
    },
    {
      "type": "Feature",
      "properties": {
        "id": "Entry 4",
        "name": "Entry 4",
        "type": "amenity",
        "category": "waiting area",
        "floor": 0,
        "color": "#4CAF50",
        "height": 0.1,
        "base": 0
      },
      "geometry": {
        "coordinates": [
          [
            [
              72.82422023925952,
              18.944638632609383
            ],
            [
              72.82423412516519,
              18.94462040945338
            ],
            [
              72.8242539575991,
              18.94463477349771
            ],
            [
              72.82424039896796,
              18.944652280387146
            ],
            [
              72.82422023925952,
              18.944638632609383
            ]
          ]
        ],
        "type": "Polygon"
      }
    },
    {
      "type": "Feature",
      "properties": {
        "id": "Entry 5",
        "name": "Entry 5",
        "type": "amenity",
        "category": "waiting area",
        "floor": 0,
        "color": "#4CAF50",
        "height": 0.1,
        "base": 0
      },
      "geometry": {
        "coordinates": [
          [
            [
              72.82327868072588,
              18.9460955181231
            ],
            [
              72.82329375820939,
              18.946106100687643
            ],
            [
              72.82328287771568,
              18.946121564899784
            ],
            [
              72.82326743109033,
              18.946110920688298
            ],
            [
              72.82327868072588,
              18.9460955181231
            ]
          ]
        ],
        "type": "Polygon"
      }
    },
    {
      "type": "Feature",
      "properties": {
        "id": "Entry 6",
        "name": "Entry 6",
        "type": "amenity",
        "category": "waiting area",
        "floor": 0,
        "color": "#4CAF50",
        "height": 0.1,
        "base": 0
      },
      "geometry": {
        "coordinates": [
          [
            [
              72.82366244599908,
              18.945465754599695
            ],
            [
              72.82367969839922,
              18.945477004162584
            ],
            [
              72.82366401201418,
              18.94549837601933
            ],
            [
              72.82364649542407,
              18.945487557235282
            ],
            [
              72.82366244599908,
              18.945465754599695
            ]
          ]
        ],
        "type": "Polygon"
      }
    },
    {
      "type": "Feature",
      "properties": {
        "id": "Entry 7",
        "name": "Exit 6",
        "type": "amenity",
        "category": "waiting area",
        "floor": 0,
        "color": "#4CAF50",
        "height": 0.1,
        "base": 0
      },
      "geometry": {
        "coordinates": [
          [
            [
              72.82364563580671,
              18.94548815900434
            ],
            [
              72.82366329727688,
              18.94549917312358
            ],
            [
              72.8236500929051,
              18.94551892966051
            ],
            [
              72.8236321621946,
              18.945507726566973
            ],
            [
              72.82364563580671,
              18.94548815900434
            ]
          ]
        ],
        "type": "Polygon"
      }
    },
    {
      "type": "Feature",
      "properties": {
        "id": "Entry 8",
        "name": "Exit 5",
        "type": "amenity",
        "category": "waiting area",
        "floor": 0,
        "color": "#4CAF50",
        "height": 0.1,
        "base": 0
      },
      "geometry": {
        "coordinates": [
          [
            [
              72.82326671430263,
              18.946111867320298
            ],
            [
              72.82328209574885,
              18.946122860673725
            ],
            [
              72.82327061159418,
              18.946138296076597
            ],
            [
              72.82325526486909,
              18.946127524538028
            ],
            [
              72.82326671430263,
              18.946111867320298
            ]
          ]
        ],
        "type": "Polygon"
      }
    },
    {
      "type": "Feature",
      "properties": {
        "id": "Entry 9",
        "name": "Exit 4",
        "type": "amenity",
        "category": "waiting area",
        "floor": 0,
        "color": "#4CAF50",
        "height": 0.1,
        "base": 0
      },
      "geometry": {
        "coordinates": [
          [
            [
              72.82423583624777,
              18.94461861655583
            ],
            [
              72.82424798338133,
              18.944603200333418
            ],
            [
              72.82426800981173,
              18.944616495555493
            ],
            [
              72.8242552117498,
              18.944633079312837
            ],
            [
              72.82423583624777,
              18.94461861655583
            ]
          ]
        ],
        "type": "Polygon"
      }
    },
    {
      "type": "Feature",
      "properties": {
        "id": "Entry 10",
        "name": "Entry 7",
        "type": "amenity",
        "category": "waiting area",
        "floor": 0,
        "color": "#4CAF50",
        "height": 0.1,
        "base": 0
      },
      "geometry": {
        "coordinates": [
          [
            [
              72.82445083360136,
              18.94456261561325
            ],
            [
              72.82448125990805,
              18.944584145316057
            ],
            [
              72.82446158013761,
              18.94460919682959
            ],
            [
              72.82443081338599,
              18.944589228708253
            ],
            [
              72.82445083360136,
              18.94456261561325
            ]
          ]
        ],
        "type": "Polygon"
      }
    },
    {
      "type": "Feature",
      "properties": {
        "id": "Entry 11",
        "name": "Exit 7",
        "type": "amenity",
        "category": "waiting area",
        "floor": 0,
        "color": "#4CAF50",
        "height": 0.1,
        "base": 0
      },
      "geometry": {
        "coordinates": [
          [
            [
              72.82448241482348,
              18.944585285986875
            ],
            [
              72.82450840614726,
              18.944604016029302
            ],
            [
              72.82448876951304,
              18.944628716032057
            ],
            [
              72.82446302991204,
              18.944610649795607
            ],
            [
              72.82448241482348,
              18.944585285986875
            ]
          ]
        ],
        "type": "Polygon"
      }
    },
    {
      "type": "Feature",
      "properties": {
        "id": "Entry 12",
        "name": "Exit 3",
        "type": "amenity",
        "category": "waiting area",
        "floor": 0,
        "color": "#4CAF50",
        "height": 0.1,
        "base": 0
      },
      "geometry": {
        "coordinates": [
          [
            [
              72.82435232116705,
              18.945138622628875
            ],
            [
              72.8243766180758,
              18.945153307234136
            ],
            [
              72.82436011125353,
              18.94517832924886
            ],
            [
              72.8243354022876,
              18.945163960097503
            ],
            [
              72.82435232116705,
              18.945138622628875
            ]
          ]
        ],
        "type": "Polygon"
      }
    },
    {
      "type": "Feature",
      "properties": {
        "id": "Entry 13",
        "name": "Exit 2",
        "type": "amenity",
        "category": "waiting area",
        "floor": 0,
        "color": "#4CAF50",
        "height": 0.1,
        "base": 0
      },
      "geometry": {
        "coordinates": [
          [
            [
              72.82399348920652,
              18.945680881177168
            ],
            [
              72.82402215348188,
              18.945697640792744
            ],
            [
              72.8240054034074,
              18.94572213938261
            ],
            [
              72.82397700992695,
              18.945704978943823
            ],
            [
              72.82399348920652,
              18.945680881177168
            ]
          ]
        ],
        "type": "Polygon"
      }
    },
    {
      "type": "Feature",
      "properties": {
        "id": "Entry 14",
        "name": "Exit 1",
        "type": "amenity",
        "category": "waiting area",
        "floor": 0,
        "color": "#4CAF50",
        "height": 0.1,
        "base": 0
      },
      "geometry": {
        "coordinates": [
          [
            [
              72.82357347192348,
              18.94631099981676
            ],
            [
              72.82358962668465,
              18.94632095155046
            ],
            [
              72.82357986630623,
              18.946334809643318
            ],
            [
              72.82356398234117,
              18.94632445708507
            ],
            [
              72.82357347192348,
              18.94631099981676
            ]
          ]
        ],
        "type": "Polygon"
      }
    },
    {
      "type": "Feature",
      "properties": {
        "id": "platform_1_coach_1",
        "name": "Platform 1 Coach 1",
        "type": "coach",
        "category": "coach",
        "floor": 0,
        "color": "#FFD700",
        "height": 3.5,
        "base": 0,
        "coachNumber": 1,
        "platform": "platform_1"
      },
      "geometry": {
        "type": "Polygon",
        "coordinates": [
          [
            [
              72.82419235645648,
              18.944833389657717
            ],
            [
              72.82420220718444,
              18.944839986561362
            ],
            [
              72.82419662861571,
              18.94484771305858
            ],
            [
              72.82418635045434,
              18.944841412750137
            ],
            [
              72.82419235645648,
              18.944833389657717
            ]
          ]
        ]
      }
    },
    {
      "type": "Feature",
      "properties": {
        "id": "platform_1_coach_2",
        "name": "Platform 1 Coach 2",
        "type": "coach",
        "category": "coach",
        "floor": 0,
        "color": "#FFD700",
        "height": 3.5,
        "base": 0,
        "coachNumber": 2,
        "platform": "platform_1"
      },
      "geometry": {
        "type": "Polygon",
        "coordinates": [
          [
            [
              72.82408589354574,
              18.944983595455682
            ],
            [
              72.82409410248863,
              18.944989092866294
            ],
            [
              72.82408803956434,
              18.94499746637868
            ],
            [
              72.82407955698923,
              18.944991785721697
            ],
            [
              72.82408589354574,
              18.944983595455682
            ]
          ]
        ]
      }
    },
    {
      "type": "Feature",
      "properties": {
        "id": "platform_1_coach_3",
        "name": "Platform 1 Coach 3",
        "type": "coach",
        "category": "coach",
        "floor": 0,
        "color": "#FFD700",
        "height": 3.5,
        "base": 0,
        "coachNumber": 3,
        "platform": "platform_1"
      },
      "geometry": {
        "type": "Polygon",
        "coordinates": [
          [
            [
              72.82397117397701,
              18.9451370995684
            ],
            [
              72.82397981034876,
              18.945142300383495
            ],
            [
              72.82397331999559,
              18.945150970478622
            ],
            [
              72.82396491731004,
              18.94514573188168
            ],
            [
              72.82397117397701,
              18.9451370995684
            ]
          ]
        ]
      }
    },
    {
      "type": "Feature",
      "properties": {
        "id": "platform_1_coach_4",
        "name": "Platform 1 Coach 4",
        "type": "coach",
        "category": "coach",
        "floor": 0,
        "color": "#FFD700",
        "height": 3.5,
        "base": 0,
        "coachNumber": 4,
        "platform": "platform_1"
      },
      "geometry": {
        "type": "Polygon",
        "coordinates": [
          [
            [
              72.82386924841745,
              18.945281917084486
            ],
            [
              72.82387722367412,
              18.945287452266186
            ],
            [
              72.82387139443728,
              18.945295787982715
            ],
            [
              72.82386318549322,
              18.94529029058222
            ],
            [
              72.82386924841745,
              18.945281917084486
            ]
          ]
        ]
      }
    },
    {
      "type": "Feature",
      "properties": {
        "id": "platform_1_coach_5",
        "name": "Platform 1 Coach 5",
        "type": "coach",
        "category": "coach",
        "floor": 0,
        "color": "#FFD700",
        "height": 3.5,
        "base": 0,
        "coachNumber": 5,
        "platform": "platform_1"
      },
      "geometry": {
        "type": "Polygon",
        "coordinates": [
          [
            [
              72.82375767549209,
              18.945430335305034
            ],
            [
              72.82376656851426,
              18.945436290816843
            ],
            [
              72.82376071631327,
              18.945443834039224
            ],
            [
              72.8237521368668,
              18.945438282802
            ],
            [
              72.82375767549209,
              18.945430335305034
            ]
          ]
        ]
      }
    },
    {
      "type": "Feature",
      "properties": {
        "id": "platform_1_coach_6",
        "name": "Platform 1 Coach 6",
        "type": "coach",
        "category": "coach",
        "floor": 0,
        "color": "#FFD700",
        "height": 3.5,
        "base": 0,
        "coachNumber": 6,
        "platform": "platform_1"
      },
      "geometry": {
        "type": "Polygon",
        "coordinates": [
          [
            [
              72.82365216147815,
              18.94557880190591
            ],
            [
              72.82366167041124,
              18.945584491201473
            ],
            [
              72.82365612608669,
              18.945593006394873
            ],
            [
              72.82364645512052,
              18.945587594720507
            ],
            [
              72.82365216147815,
              18.94557880190591
            ]
          ]
        ]
      }
    },
    {
      "type": "Feature",
      "properties": {
        "id": "platform_1_coach_7",
        "name": "Platform 1 Coach 7",
        "type": "coach",
        "category": "coach",
        "floor": 0,
        "color": "#FFD700",
        "height": 3.5,
        "base": 0,
        "coachNumber": 7,
        "platform": "platform_1"
      },
      "geometry": {
        "type": "Polygon",
        "coordinates": [
          [
            [
              72.82355602246272,
              18.945729813511804
            ],
            [
              72.82356700928062,
              18.945736890463976
            ],
            [
              72.82356007010176,
              18.945747565661165
            ],
            [
              72.82354860242967,
              18.94574090787782
            ],
            [
              72.82355602246272,
              18.945729813511804
            ]
          ]
        ]
      }
    },
    {
      "type": "Feature",
      "properties": {
        "id": "platform_1_coach_8",
        "name": "Platform 1 Coach 8",
        "type": "coach",
        "category": "coach",
        "floor": 0,
        "color": "#FFD700",
        "height": 3.5,
        "base": 0,
        "coachNumber": 8,
        "platform": "platform_1"
      },
      "geometry": {
        "type": "Polygon",
        "coordinates": [
          [
            [
              72.82345704224639,
              18.94588490737094
            ],
            [
              72.82346576690091,
              18.94588964383108
            ],
            [
              72.82346036933788,
              18.94589823563642
            ],
            [
              72.8234515636668,
              18.945893637986117
            ],
            [
              72.82345704224639,
              18.94588490737094
            ]
          ]
        ]
      }
    },
    {
      "type": "Feature",
      "properties": {
        "id": "platform_1_coach_9",
        "name": "Platform 1 Coach 9",
        "type": "coach",
        "category": "coach",
        "floor": 0,
        "color": "#FFD700",
        "height": 3.5,
        "base": 0,
        "coachNumber": 9,
        "platform": "platform_1"
      },
      "geometry": {
        "type": "Polygon",
        "coordinates": [
          [
            [
              72.82335657858292,
              18.94604178791907
            ],
            [
              72.82336668983243,
              18.94604742945984
            ],
            [
              72.82336137328468,
              18.94605588244636
            ],
            [
              72.82335134305171,
              18.946050102095242
            ],
            [
              72.82335657858292,
              18.94604178791907
            ]
          ]
        ]
      }
    },
    {
      "type": "Feature",
      "properties": {
        "id": "platform_1_coach_10",
        "name": "Platform 1 Coach 10",
        "type": "coach",
        "category": "coach",
        "floor": 0,
        "color": "#FFD700",
        "height": 3.5,
        "base": 0,
        "coachNumber": 10,
        "platform": "platform_1"
      },
      "geometry": {
        "type": "Polygon",
        "coordinates": [
          [
            [
              72.82326057618005,
              18.94619179251096
            ],
            [
              72.82327048746032,
              18.946197457676917
            ],
            [
              72.82326418950362,
              18.9462069161646
            ],
            [
              72.82325456584766,
              18.946201646303933
            ],
            [
              72.82326057618005,
              18.94619179251096
            ]
          ]
        ]
      }
    },
    {
      "type": "Feature",
      "properties": {
        "id": "platform_1_coach_11",
        "name": "Platform 1 Coach 11",
        "type": "coach",
        "category": "coach",
        "floor": 0,
        "color": "#FFD700",
        "height": 3.5,
        "base": 0,
        "coachNumber": 11,
        "platform": "platform_1"
      },
      "geometry": {
        "type": "Polygon",
        "coordinates": [
          [
            [
              72.82316387390054,
              18.946345573203544
            ],
            [
              72.82317075640415,
              18.94634952893351
            ],
            [
              72.82316649307248,
              18.946356177374085
            ],
            [
              72.8231596915854,
              18.94635208283387
            ],
            [
              72.82316387390054,
              18.946345573203544
            ]
          ]
        ]
      }
    },
    {
      "type": "Feature",
      "properties": {
        "id": "platform_1_coach_12",
        "name": "Platform 1 Coach 12",
        "type": "coach",
        "category": "coach",
        "floor": 0,
        "color": "#FFD700",
        "height": 3.5,
        "base": 0,
        "coachNumber": 12,
        "platform": "platform_1"
      },
      "geometry": {
        "type": "Polygon",
        "coordinates": [
          [
            [
              72.82306263424738,
              18.94649704519921
            ],
            [
              72.82307142464694,
              18.94650199708073
            ],
            [
              72.82306688772138,
              18.946509770438183
            ],
            [
              72.82305764176695,
              18.946504942924207
            ],
            [
              72.82306263424738,
              18.94649704519921
            ]
          ]
        ]
      }
    },
    {
      "type": "Feature",
      "properties": {
        "id": "platform_1_coach_13",
        "name": "Platform 1 Coach 13",
        "type": "coach",
        "category": "coach",
        "floor": 0,
        "color": "#FFD700",
        "height": 3.5,
        "base": 0,
        "coachNumber": 13,
        "platform": "platform_1"
      },
      "geometry": {
        "type": "Polygon",
        "coordinates": [
          [
            [
              72.82297029762361,
              18.946654637907216
            ],
            [
              72.82297799494879,
              18.94665883795551
            ],
            [
              72.82297353904099,
              18.94666647249666
            ],
            [
              72.82296598847611,
              18.94666234907575
            ],
            [
              72.82297029762361,
              18.946654637907216
            ]
          ]
        ]
      }
    },
    {
      "type": "Feature",
      "properties": {
        "id": "platform_2_coach_1",
        "name": "Platform 2 Coach 1",
        "type": "coach",
        "category": "coach",
        "floor": 0,
        "color": "#FFD700",
        "height": 3.5,
        "base": 0,
        "coachNumber": 1,
        "platform": "platform_2"
      },
      "geometry": {
        "type": "Polygon",
        "coordinates": [
          [
            [
              72.82427850392347,
              18.944898259850092
            ],
            [
              72.8242867577504,
              18.944903474956774
            ],
            [
              72.82428111248021,
              18.944910850804575
            ],
            [
              72.82427307115972,
              18.944905927766825
            ],
            [
              72.82427850392347,
              18.944898259850092
            ]
          ]
        ]
      }
    },
    {
      "type": "Feature",
      "properties": {
        "id": "platform_2_coach_2",
        "name": "Platform 2 Coach 2",
        "type": "coach",
        "category": "coach",
        "floor": 0,
        "color": "#FFD700",
        "height": 3.5,
        "base": 0,
        "coachNumber": 2,
        "platform": "platform_2"
      },
      "geometry": {
        "type": "Polygon",
        "coordinates": [
          [
            [
              72.82417517557758,
              18.945044731427004
            ],
            [
              72.82418408219311,
              18.945050468478954
            ],
            [
              72.82417897349549,
              18.945057581142734
            ],
            [
              72.82416997059067,
              18.945052337152276
            ],
            [
              72.82417517557758,
              18.945044731427004
            ]
          ]
        ]
      }
    },
    {
      "type": "Feature",
      "properties": {
        "id": "platform_2_coach_3",
        "name": "Platform 2 Coach 3",
        "type": "coach",
        "category": "coach",
        "floor": 0,
        "color": "#FFD700",
        "height": 3.5,
        "base": 0,
        "coachNumber": 3,
        "platform": "platform_2"
      },
      "geometry": {
        "type": "Polygon",
        "coordinates": [
          [
            [
              72.82407229509298,
              18.945195679914676
            ],
            [
              72.82408200125985,
              18.945202015539735
            ],
            [
              72.82407656849486,
              18.945209683441362
            ],
            [
              72.824066928073,
              18.945203563255788
            ],
            [
              72.82407229509298,
              18.945195679914676
            ]
          ]
        ]
      }
    },
    {
      "type": "Feature",
      "properties": {
        "id": "platform_2_coach_4",
        "name": "Platform 2 Coach 4",
        "type": "coach",
        "category": "coach",
        "floor": 0,
        "color": "#FFD700",
        "height": 3.5,
        "base": 0,
        "coachNumber": 4,
        "platform": "platform_2"
      },
      "geometry": {
        "type": "Polygon",
        "coordinates": [
          [
            [
              72.82396861109851,
              18.945351410091774
            ],
            [
              72.82397797326678,
              18.945357022771034
            ],
            [
              72.82397317336248,
              18.94536393442702
            ],
            [
              72.8239643477635,
              18.945358058575792
            ],
            [
              72.82396861109851,
              18.945351410091774
            ]
          ]
        ]
      }
    },
    {
      "type": "Feature",
      "properties": {
        "id": "platform_2_coach_5",
        "name": "Platform 2 Coach 5",
        "type": "coach",
        "category": "coach",
        "floor": 0,
        "color": "#FFD700",
        "height": 3.5,
        "base": 0,
        "coachNumber": 5,
        "platform": "platform_2"
      },
      "geometry": {
        "type": "Polygon",
        "coordinates": [
          [
            [
              72.82386618755459,
              18.9455020729054
            ],
            [
              72.82387584324798,
              18.945507838831233
            ],
            [
              72.82387000540163,
              18.9455162007732
            ],
            [
              72.82386065850153,
              18.945510233854236
            ],
            [
              72.82386618755459,
              18.9455020729054
            ]
          ]
        ]
      }
    },
    {
      "type": "Feature",
      "properties": {
        "id": "platform_2_coach_6",
        "name": "Platform 2 Coach 6",
        "type": "coach",
        "category": "coach",
        "floor": 0,
        "color": "#FFD700",
        "height": 3.5,
        "base": 0,
        "coachNumber": 6,
        "platform": "platform_2"
      },
      "geometry": {
        "type": "Polygon",
        "coordinates": [
          [
            [
              72.82376555557647,
              18.94564983162499
            ],
            [
              72.82377426495827,
              18.94565492234146
            ],
            [
              72.82376815351802,
              18.945664409205875
            ],
            [
              72.82375936311973,
              18.9456594572995
            ],
            [
              72.82376555557647,
              18.94564983162499
            ]
          ]
        ]
      }
    },
    {
      "type": "Feature",
      "properties": {
        "id": "platform_2_coach_7",
        "name": "Platform 2 Coach 7",
        "type": "coach",
        "category": "coach",
        "floor": 0,
        "color": "#FFD700",
        "height": 3.5,
        "base": 0,
        "coachNumber": 7,
        "platform": "platform_2"
      },
      "geometry": {
        "type": "Polygon",
        "coordinates": [
          [
            [
              72.82366275511993,
              18.9458110266834
            ],
            [
              72.82367187424191,
              18.94581705577491
            ],
            [
              72.82366624890088,
              18.945825709766126
            ],
            [
              72.82365682098546,
              18.94581988166911
            ],
            [
              72.82366275511993,
              18.9458110266834
            ]
          ]
        ]
      }
    },
    {
      "type": "Feature",
      "properties": {
        "id": "platform_2_coach_8",
        "name": "Platform 2 Coach 8",
        "type": "coach",
        "category": "coach",
        "floor": 0,
        "color": "#FFD700",
        "height": 3.5,
        "base": 0,
        "coachNumber": 8,
        "platform": "platform_2"
      },
      "geometry": {
        "type": "Polygon",
        "coordinates": [
          [
            [
              72.82355823756168,
              18.945957514179327
            ],
            [
              72.82356882429514,
              18.945964309540287
            ],
            [
              72.82356282441569,
              18.94597294907969
            ],
            [
              72.82355222240949,
              18.94596650796801
            ],
            [
              72.82355823756168,
              18.945957514179327
            ]
          ]
        ]
      }
    },
    {
      "type": "Feature",
      "properties": {
        "id": "platform_2_coach_9",
        "name": "Platform 2 Coach 9",
        "type": "coach",
        "category": "coach",
        "floor": 0,
        "color": "#FFD700",
        "height": 3.5,
        "base": 0,
        "coachNumber": 9,
        "platform": "platform_2"
      },
      "geometry": {
        "type": "Polygon",
        "coordinates": [
          [
            [
              72.82345451511088,
              18.946108445357538
            ],
            [
              72.82346422127776,
              18.946114780947966
            ],
            [
              72.82345765428138,
              18.94612439215146
            ],
            [
              72.82344778608271,
              18.94611833418263
            ],
            [
              72.82345451511088,
              18.946108445357538
            ]
          ]
        ]
      }
    },
    {
      "type": "Feature",
      "properties": {
        "id": "platform_2_coach_10",
        "name": "Platform 2 Coach 10",
        "type": "coach",
        "category": "coach",
        "floor": 0,
        "color": "#FFD700",
        "height": 3.5,
        "base": 0,
        "coachNumber": 10,
        "platform": "platform_2"
      },
      "geometry": {
        "type": "Polygon",
        "coordinates": [
          [
            [
              72.82335122216952,
              18.94625568065446
            ],
            [
              72.8233592482184,
              18.94626095790072
            ],
            [
              72.82335229141219,
              18.946270908899933
            ],
            [
              72.82334434637983,
              18.946265492843523
            ],
            [
              72.82335122216952,
              18.94625568065446
            ]
          ]
        ]
      }
    },
    {
      "type": "Feature",
      "properties": {
        "id": "platform_2_coach_11",
        "name": "Platform 2 Coach 11",
        "type": "coach",
        "category": "coach",
        "floor": 0,
        "color": "#FFD700",
        "height": 3.5,
        "base": 0,
        "coachNumber": 11,
        "platform": "platform_2"
      },
      "geometry": {
        "type": "Polygon",
        "coordinates": [
          [
            [
              72.82324264317774,
              18.946410241053357
            ],
            [
              72.82325003170959,
              18.946414642101217
            ],
            [
              72.82324484199546,
              18.946421893517197
            ],
            [
              72.82323745346355,
              18.94641749246955
            ],
            [
              72.82324264317774,
              18.946410241053357
            ]
          ]
        ]
      }
    },
    {
      "type": "Feature",
      "properties": {
        "id": "platform_2_coach_12",
        "name": "Platform 2 Coach 12",
        "type": "coach",
        "category": "coach",
        "floor": 0,
        "color": "#FFD700",
        "height": 3.5,
        "base": 0,
        "coachNumber": 12,
        "platform": "platform_2"
      },
      "geometry": {
        "type": "Polygon",
        "coordinates": [
          [
            [
              72.82314272723445,
              18.946560577140346
            ],
            [
              72.8231519579173,
              18.94656575890039
            ],
            [
              72.82314641359275,
              18.94657427404374
            ],
            [
              72.82313724865486,
              18.946569307721376
            ],
            [
              72.82314272723445,
              18.946560577140346
            ]
          ]
        ]
      }
    },
    {
      "type": "Feature",
      "properties": {
        "id": "platform_2_coach_13",
        "name": "Platform 2 Coach 13",
        "type": "coach",
        "category": "coach",
        "floor": 0,
        "color": "#FFD700",
        "height": 3.5,
        "base": 0,
        "coachNumber": 13,
        "platform": "platform_2"
      },
      "geometry": {
        "type": "Polygon",
        "coordinates": [
          [
            [
              72.82304584635102,
              18.946716359358916
            ],
            [
              72.82305631686728,
              18.946722369568377
            ],
            [
              72.82305075727118,
              18.946731238949866
            ],
            [
              72.82304041824361,
              18.946725659615197
            ],
            [
              72.82304584635102,
              18.946716359358916
            ]
          ]
        ]
      }
    },
    {
      "type": "Feature",
      "properties": {
        "id": "platform_3_coach_1",
        "name": "Platform 3 Coach 1",
        "type": "coach",
        "category": "coach",
        "floor": 0,
        "color": "#FFD700",
        "height": 3.5,
        "base": 0,
        "coachNumber": 1,
        "platform": "platform_3"
      },
      "geometry": {
        "type": "Polygon",
        "coordinates": [
          [
            [
              72.82444266328821,
              18.94473202436771
            ],
            [
              72.82444878144236,
              18.944736305497656
            ],
            [
              72.82444360699975,
              18.944743202736177
            ],
            [
              72.8244374888456,
              18.94473892160522
            ],
            [
              72.82444266328821,
              18.94473202436771
            ]
          ]
        ]
      }
    },
    {
      "type": "Feature",
      "properties": {
        "id": "platform_3_coach_2",
        "name": "Platform 3 Coach 2",
        "type": "coach",
        "category": "coach",
        "floor": 0,
        "color": "#FFD700",
        "height": 3.5,
        "base": 0,
        "coachNumber": 2,
        "platform": "platform_3"
      },
      "geometry": {
        "type": "Polygon",
        "coordinates": [
          [
            [
              72.82433428030106,
              18.944881537529966
            ],
            [
              72.82434056048703,
              18.944885541032832
            ],
            [
              72.82433705684846,
              18.944890231729275
            ],
            [
              72.82433092342274,
              18.944886304853327
            ],
            [
              72.82433428030106,
              18.944881537529966
            ]
          ]
        ]
      }
    },
    {
      "type": "Feature",
      "properties": {
        "id": "platform_3_coach_3",
        "name": "Platform 3 Coach 3",
        "type": "coach",
        "category": "coach",
        "floor": 0,
        "color": "#FFD700",
        "height": 3.5,
        "base": 0,
        "coachNumber": 3,
        "platform": "platform_3"
      },
      "geometry": {
        "type": "Polygon",
        "coordinates": [
          [
            [
              72.82422798984862,
              18.9450293446494
            ],
            [
              72.82423622840284,
              18.94503491400178
            ],
            [
              72.82423207663078,
              18.945040715182557
            ],
            [
              72.82422367604354,
              18.94503542345342
            ],
            [
              72.82422798984862,
              18.9450293446494
            ]
          ]
        ]
      }
    },
    {
      "type": "Feature",
      "properties": {
        "id": "platform_3_coach_4",
        "name": "Platform 3 Coach 4",
        "type": "coach",
        "category": "coach",
        "floor": 0,
        "color": "#FFD700",
        "height": 3.5,
        "base": 0,
        "coachNumber": 4,
        "platform": "platform_3"
      },
      "geometry": {
        "type": "Polygon",
        "coordinates": [
          [
            [
              72.82412726704138,
              18.9451767658511
            ],
            [
              72.82413530836186,
              18.94518168888203
            ],
            [
              72.82413036169726,
              18.945188523918645
            ],
            [
              72.82412245186555,
              18.94518403176518
            ],
            [
              72.82412726704138,
              18.9451767658511
            ]
          ]
        ]
      }
    },
    {
      "type": "Feature",
      "properties": {
        "id": "platform_3_coach_5",
        "name": "Platform 3 Coach 5",
        "type": "coach",
        "category": "coach",
        "floor": 0,
        "color": "#FFD700",
        "height": 3.5,
        "base": 0,
        "coachNumber": 5,
        "platform": "platform_3"
      },
      "geometry": {
        "type": "Polygon",
        "coordinates": [
          [
            [
              72.82402128263479,
              18.94533144376105
            ],
            [
              72.82403149482997,
              18.945338224703235
            ],
            [
              72.82402500885013,
              18.945347697141372
            ],
            [
              72.82401417906706,
              18.945341318187857
            ],
            [
              72.82402128263479,
              18.94533144376105
            ]
          ]
        ]
      }
    },
    {
      "type": "Feature",
      "properties": {
        "id": "platform_3_coach_6",
        "name": "Platform 3 Coach 6",
        "type": "coach",
        "category": "coach",
        "floor": 0,
        "color": "#FFD700",
        "height": 3.5,
        "base": 0,
        "coachNumber": 6,
        "platform": "platform_3"
      },
      "geometry": {
        "type": "Polygon",
        "coordinates": [
          [
            [
              72.82392146141916,
              18.945478291843415
            ],
            [
              72.82393000876914,
              18.945483660186184
            ],
            [
              72.82392400888847,
              18.94549229975162
            ],
            [
              72.82391552728353,
              18.94548714684676
            ],
            [
              72.82392146141916,
              18.945478291843415
            ]
          ]
        ]
      }
    },
    {
      "type": "Feature",
      "properties": {
        "id": "platform_3_coach_7",
        "name": "Platform 3 Coach 7",
        "type": "coach",
        "category": "coach",
        "floor": 0,
        "color": "#FFD700",
        "height": 3.5,
        "base": 0,
        "coachNumber": 7,
        "platform": "platform_3"
      },
      "geometry": {
        "type": "Polygon",
        "coordinates": [
          [
            [
              72.82381714345104,
              18.94563151117427
            ],
            [
              72.82382585283287,
              18.94563660189128
            ],
            [
              72.82382064784593,
              18.945644207589552
            ],
            [
              72.82381210049718,
              18.94563883925194
            ],
            [
              72.82381714345104,
              18.94563151117427
            ]
          ]
        ]
      }
    },
    {
      "type": "Feature",
      "properties": {
        "id": "platform_3_coach_8",
        "name": "Platform 3 Coach 8",
        "type": "coach",
        "category": "coach",
        "floor": 0,
        "color": "#FFD700",
        "height": 3.5,
        "base": 0,
        "coachNumber": 8,
        "platform": "platform_3"
      },
      "geometry": {
        "type": "Polygon",
        "coordinates": [
          [
            [
              72.82371848808364,
              18.94578371638312
            ],
            [
              72.82372643311723,
              18.94578913245519
            ],
            [
              72.82372095453766,
              18.945797863076578
            ],
            [
              72.82371245766112,
              18.945793064429296
            ],
            [
              72.82371848808364,
              18.94578371638312
            ]
          ]
        ]
      }
    },
    {
      "type": "Feature",
      "properties": {
        "id": "platform_3_coach_9",
        "name": "Platform 3 Coach 9",
        "type": "coach",
        "category": "coach",
        "floor": 0,
        "color": "#FFD700",
        "height": 3.5,
        "base": 0,
        "coachNumber": 9,
        "platform": "platform_3"
      },
      "geometry": {
        "type": "Polygon",
        "coordinates": [
          [
            [
              72.82361549867309,
              18.94593519402234
            ],
            [
              72.82362394973379,
              18.945941055410216
            ],
            [
              72.82361820817547,
              18.945948924270738
            ],
            [
              72.82360943304744,
              18.945943618126194
            ],
            [
              72.82361549867309,
              18.94593519402234
            ]
          ]
        ]
      }
    },
    {
      "type": "Feature",
      "properties": {
        "id": "platform_3_coach_10",
        "name": "Platform 3 Coach 10",
        "type": "coach",
        "category": "coach",
        "floor": 0,
        "color": "#FFD700",
        "height": 3.5,
        "base": 0,
        "coachNumber": 10,
        "platform": "platform_3"
      },
      "geometry": {
        "type": "Polygon",
        "coordinates": [
          [
            [
              72.8235113807441,
              18.946083731426896
            ],
            [
              72.8235199280928,
              18.94608909975024
            ],
            [
              72.82351495088392,
              18.946096643245824
            ],
            [
              72.82350616048564,
              18.94609169135346
            ],
            [
              72.8235113807441,
              18.946083731426896
            ]
          ]
        ]
      }
    },
    {
      "type": "Feature",
      "properties": {
        "id": "platform_3_coach_11",
        "name": "Platform 3 Coach 11",
        "type": "coach",
        "category": "coach",
        "floor": 0,
        "color": "#FFD700",
        "height": 3.5,
        "base": 0,
        "coachNumber": 11,
        "platform": "platform_3"
      },
      "geometry": {
        "type": "Polygon",
        "coordinates": [
          [
            [
              72.82340754330377,
              18.946242017611368
            ],
            [
              72.82341532164673,
              18.946246078859488
            ],
            [
              72.82341084580855,
              18.946252435239003
            ],
            [
              72.82340360403822,
              18.946248110814224
            ],
            [
              72.82340754330377,
              18.946242017611368
            ]
          ]
        ]
      }
    },
    {
      "type": "Feature",
      "properties": {
        "id": "platform_3_coach_12",
        "name": "Platform 3 Coach 12",
        "type": "coach",
        "category": "coach",
        "floor": 0,
        "color": "#FFD700",
        "height": 3.5,
        "base": 0,
        "coachNumber": 12,
        "platform": "platform_3"
      },
      "geometry": {
        "type": "Polygon",
        "coordinates": [
          [
            [
              72.82330343995909,
              18.94639465912374
            ],
            [
              72.82331174425826,
              18.94640044386699
            ],
            [
              72.82330751146972,
              18.94640638381071
            ],
            [
              72.82329911088249,
              18.94640109212486
            ],
            [
              72.82330343995909,
              18.94639465912374
            ]
          ]
        ]
      }
    },
    {
      "type": "Feature",
      "properties": {
        "id": "platform_3_coach_13",
        "name": "Platform 3 Coach 13",
        "type": "coach",
        "category": "coach",
        "floor": 0,
        "color": "#FFD700",
        "height": 3.5,
        "base": 0,
        "coachNumber": 13,
        "platform": "platform_3"
      },
      "geometry": {
        "type": "Polygon",
        "coordinates": [
          [
            [
              72.8231976094493,
              18.94654295922588
            ],
            [
              72.82320555447754,
              18.946548375277615
            ],
            [
              72.8232009823513,
              18.94655522470238
            ],
            [
              72.8231926627806,
              18.946549794211023
            ],
            [
              72.8231976094493,
              18.94654295922588
            ]
          ]
        ]
      }
    },
    {
      "type": "Feature",
      "properties": {
        "id": "platform_4_coach_1",
        "name": "Platform 4 Coach 1",
        "type": "coach",
        "category": "coach",
        "floor": 0,
        "color": "#FFD700",
        "height": 3.5,
        "base": 0,
        "coachNumber": 1,
        "platform": "platform_4"
      },
      "geometry": {
        "type": "Polygon",
        "coordinates": [
          [
            [
              72.82449624261935,
              18.944820724656225
            ],
            [
              72.82450275995541,
              18.944825519663695
            ],
            [
              72.82449816971166,
              18.94483215493156
            ],
            [
              72.82449147444945,
              18.944827628700835
            ],
            [
              72.82449624261935,
              18.944820724656225
            ]
          ]
        ]
      }
    },
    {
      "type": "Feature",
      "properties": {
        "id": "platform_4_coach_2",
        "name": "Platform 4 Coach 2",
        "type": "coach",
        "category": "coach",
        "floor": 0,
        "color": "#FFD700",
        "height": 3.5,
        "base": 0,
        "coachNumber": 2,
        "platform": "platform_4"
      },
      "geometry": {
        "type": "Polygon",
        "coordinates": [
          [
            [
              72.82439299832802,
              18.944974153868174
            ],
            [
              72.82439992464128,
              18.944978629846986
            ],
            [
              72.82439561856586,
              18.944985433396837
            ],
            [
              72.82438840808621,
              18.944980789126333
            ],
            [
              72.82439299832802,
              18.944974153868174
            ]
          ]
        ]
      }
    },
    {
      "type": "Feature",
      "properties": {
        "id": "platform_4_coach_3",
        "name": "Platform 4 Coach 3",
        "type": "coach",
        "category": "coach",
        "floor": 0,
        "color": "#FFD700",
        "height": 3.5,
        "base": 0,
        "coachNumber": 3,
        "platform": "platform_4"
      },
      "geometry": {
        "type": "Polygon",
        "coordinates": [
          [
            [
              72.82429206928506,
              18.945126461986646
            ],
            [
              72.82429981226176,
              18.945131795749532
            ],
            [
              72.82429424342337,
              18.945139909272925
            ],
            [
              72.8242865004454,
              18.945134575510295
            ],
            [
              72.82429206928506,
              18.945126461986646
            ]
          ]
        ]
      }
    },
    {
      "type": "Feature",
      "properties": {
        "id": "platform_4_coach_4",
        "name": "Platform 4 Coach 4",
        "type": "coach",
        "category": "coach",
        "floor": 0,
        "color": "#FFD700",
        "height": 3.5,
        "base": 0,
        "coachNumber": 4,
        "platform": "platform_4"
      },
      "geometry": {
        "type": "Polygon",
        "coordinates": [
          [
            [
              72.82419007709805,
              18.94527550920941
            ],
            [
              72.82419947197036,
              18.945281634163464
            ],
            [
              72.82419365480322,
              18.94528922647153
            ],
            [
              72.82418473930628,
              18.94528357248177
            ],
            [
              72.82419007709805,
              18.94527550920941
            ]
          ]
        ]
      }
    },
    {
      "type": "Feature",
      "properties": {
        "id": "platform_4_coach_5",
        "name": "Platform 4 Coach 5",
        "type": "coach",
        "category": "coach",
        "floor": 0,
        "color": "#FFD700",
        "height": 3.5,
        "base": 0,
        "coachNumber": 5,
        "platform": "platform_4"
      },
      "geometry": {
        "type": "Polygon",
        "coordinates": [
          [
            [
              72.82408862771959,
              18.945426297237418
            ],
            [
              72.82409658446574,
              18.945431009295163
            ],
            [
              72.8240914246002,
              18.945438803784455
            ],
            [
              72.82408369890311,
              18.945434041482955
            ],
            [
              72.82408862771959,
              18.945426297237418
            ]
          ]
        ]
      }
    },
    {
      "type": "Feature",
      "properties": {
        "id": "platform_4_coach_6",
        "name": "Platform 4 Coach 6",
        "type": "coach",
        "category": "coach",
        "floor": 0,
        "color": "#FFD700",
        "height": 3.5,
        "base": 0,
        "coachNumber": 6,
        "platform": "platform_4"
      },
      "geometry": {
        "type": "Polygon",
        "coordinates": [
          [
            [
              72.82398672198198,
              18.945580582222675
            ],
            [
              72.82399553123554,
              18.945585799139565
            ],
            [
              72.82398930381294,
              18.945595206273552
            ],
            [
              72.82398035247394,
              18.94558990521378
            ],
            [
              72.82398672198198,
              18.945580582222675
            ]
          ]
        ]
      }
    },
    {
      "type": "Feature",
      "properties": {
        "id": "platform_4_coach_7",
        "name": "Platform 4 Coach 7",
        "type": "coach",
        "category": "coach",
        "floor": 0,
        "color": "#FFD700",
        "height": 3.5,
        "base": 0,
        "coachNumber": 7,
        "platform": "platform_4"
      },
      "geometry": {
        "type": "Polygon",
        "coordinates": [
          [
            [
              72.82388403031018,
              18.94573683824332
            ],
            [
              72.82389204017679,
              18.945741768823495
            ],
            [
              72.82388632925301,
              18.945749798174177
            ],
            [
              72.82387872836046,
              18.94574454857529
            ],
            [
              72.82388403031018,
              18.94573683824332
            ]
          ]
        ]
      }
    },
    {
      "type": "Feature",
      "properties": {
        "id": "platform_4_coach_8",
        "name": "Platform 4 Coach 8",
        "type": "coach",
        "category": "coach",
        "floor": 0,
        "color": "#FFD700",
        "height": 3.5,
        "base": 0,
        "coachNumber": 8,
        "platform": "platform_4"
      },
      "geometry": {
        "type": "Polygon",
        "coordinates": [
          [
            [
              72.82377953914937,
              18.945885541081864
            ],
            [
              72.82378799255056,
              18.945891295537734
            ],
            [
              72.82378279684426,
              18.945899442924542
            ],
            [
              72.82377391718933,
              18.945893436037636
            ],
            [
              72.82377953914937,
              18.945885541081864
            ]
          ]
        ]
      }
    },
    {
      "type": "Feature",
      "properties": {
        "id": "platform_4_coach_9",
        "name": "Platform 4 Coach 9",
        "type": "coach",
        "category": "coach",
        "floor": 0,
        "color": "#FFD700",
        "height": 3.5,
        "base": 0,
        "coachNumber": 9,
        "platform": "platform_4"
      },
      "geometry": {
        "type": "Polygon",
        "coordinates": [
          [
            [
              72.82367571519305,
              18.94603353599794
            ],
            [
              72.82368406235094,
              18.94603885338711
            ],
            [
              72.8236784576705,
              18.946047319785066
            ],
            [
              72.82367028843885,
              18.946041733620405
            ],
            [
              72.82367571519305,
              18.94603353599794
            ]
          ]
        ]
      }
    },
    {
      "type": "Feature",
      "properties": {
        "id": "platform_4_coach_10",
        "name": "Platform 4 Coach 10",
        "type": "coach",
        "category": "coach",
        "floor": 0,
        "color": "#FFD700",
        "height": 3.5,
        "base": 0,
        "coachNumber": 10,
        "platform": "platform_4"
      },
      "geometry": {
        "type": "Polygon",
        "coordinates": [
          [
            [
              72.8235710612608,
              18.94618323505391
            ],
            [
              72.82357946154033,
              18.946188770968902
            ],
            [
              72.82357417815177,
              18.946195556913864
            ],
            [
              72.82356638205334,
              18.94619000465437
            ],
            [
              72.8235710612608,
              18.94618323505391
            ]
          ]
        ]
      }
    },
    {
      "type": "Feature",
      "properties": {
        "id": "platform_4_coach_11",
        "name": "Platform 4 Coach 11",
        "type": "coach",
        "category": "coach",
        "floor": 0,
        "color": "#FFD700",
        "height": 3.5,
        "base": 0,
        "coachNumber": 11,
        "platform": "platform_4"
      },
      "geometry": {
        "type": "Polygon",
        "coordinates": [
          [
            [
              72.82346542372773,
              18.946336215200034
            ],
            [
              72.82347394881171,
              18.946341263805493
            ],
            [
              72.82346918064181,
              18.946348167787207
            ],
            [
              72.82346060243609,
              18.946342900651587
            ],
            [
              72.82346542372773,
              18.946336215200034
            ]
          ]
        ]
      }
    },
    {
      "type": "Feature",
      "properties": {
        "id": "platform_4_coach_12",
        "name": "Platform 4 Coach 12",
        "type": "coach",
        "category": "coach",
        "floor": 0,
        "color": "#FFD700",
        "height": 3.5,
        "base": 0,
        "coachNumber": 12,
        "platform": "platform_4"
      },
      "geometry": {
        "type": "Polygon",
        "coordinates": [
          [
            [
              72.82335960664108,
              18.946482457141258
            ],
            [
              72.82336687024241,
              18.9464873199002
            ],
            [
              72.823362262719,
              18.946493383654072
            ],
            [
              72.82335533640767,
              18.946488907712066
            ],
            [
              72.82335960664108,
              18.946482457141258
            ]
          ]
        ]
      }
    },
    {
      "type": "Feature",
      "properties": {
        "id": "platform_4_coach_13",
        "name": "Platform 4 Coach 13",
        "type": "coach",
        "category": "coach",
        "floor": 0,
        "color": "#FFD700",
        "height": 3.5,
        "base": 0,
        "coachNumber": 13,
        "platform": "platform_4"
      },
      "geometry": {
        "type": "Polygon",
        "coordinates": [
          [
            [
              72.82325746037716,
              18.94663635892161
            ],
            [
              72.82326497230724,
              18.946641742878683
            ],
            [
              72.82325999036786,
              18.946649268539005
            ],
            [
              72.82325269092573,
              18.946644758701012
            ],
            [
              72.82325746037716,
              18.94663635892161
            ]
          ]
        ]
      }
    },
    {
      "type": "Feature",
      "properties": {
        "id": "staircase_1",
        "name": "Staircase 1",
        "type": "stairs",
        "category": "navigation",
        "floor_from": 0,
        "floor_to": 1,
        "accessible": false,
        "color": "#089c8d",
        "height": 8,
        "base": 0
      },
      "geometry": {
        "type": "Polygon",
        "coordinates": [
          [
            [
              72.82363894834606,
              18.946583618175893
            ],
            [
              72.82362623944047,
              18.946575637285648
            ],
            [
              72.82367951504128,
              18.946498560827294
            ],
            [
              72.82369284725942,
              18.9465068542721
            ],
            [
              72.82363894834606,
              18.946583618175893
            ]
          ]
        ]
      }
    },
    {
      "type": "Feature",
      "properties": {
        "id": "staircase_2",
        "name": "Staircase 2",
        "type": "stairs",
        "category": "navigation",
        "floor_from": 0,
        "floor_to": 1,
        "accessible": false,
        "color": "#089c8d",
        "height": 8,
        "base": 0
      },
      "geometry": {
        "type": "Polygon",
        "coordinates": [
          [
            [
              72.82330611316655,
              18.946334452228342
            ],
            [
              72.82331816034153,
              18.946341348111616
            ],
            [
              72.8232608277122,
              18.9464229122012
            ],
            [
              72.82324949870431,
              18.94641596560156
            ],
            [
              72.82330611316655,
              18.946334452228342
            ]
          ]
        ]
      }
    },
    {
      "type": "Feature",
      "properties": {
        "id": "staircase_3",
        "name": "Staircase 3",
        "type": "stairs",
        "category": "navigation",
        "floor_from": 0,
        "floor_to": 1,
        "accessible": false,
        "color": "#089c8d",
        "height": 8,
        "base": 0
      },
      "geometry": {
        "type": "Polygon",
        "coordinates": [
          [
            [
              72.82318685410166,
              18.946266390985755
            ],
            [
              72.82319906247804,
              18.946273045434992
            ],
            [
              72.82314931581351,
              18.946354292411968
            ],
            [
              72.82313733843677,
              18.94634758752467
            ],
            [
              72.82318685410166,
              18.946266390985755
            ]
          ]
        ]
      }
    },
    {
      "type": "Feature",
      "properties": {
        "id": "staircase_4",
        "name": "Staircase 4",
        "type": "stairs",
        "category": "navigation",
        "floor_from": 0,
        "floor_to": 1,
        "accessible": false,
        "color": "#089c8d",
        "height": 8,
        "base": 0
      },
      "geometry": {
        "type": "Polygon",
        "coordinates": [
          [
            [
              72.82331391974822,
              18.946323669612113
            ],
            [
              72.8233733526379,
              18.946241024081658
            ],
            [
              72.82338478103529,
              18.946248002642875
            ],
            [
              72.8233253616757,
              18.946330333538157
            ],
            [
              72.82331391974822,
              18.946323669612113
            ]
          ]
        ]
      }
    },
    {
      "type": "Feature",
      "properties": {
        "id": "staircase_5",
        "name": "Staircase 5",
        "type": "stairs",
        "category": "navigation",
        "floor_from": 0,
        "floor_to": 1,
        "accessible": false,
        "color": "#089c8d",
        "height": 8,
        "base": 0
      },
      "geometry": {
        "type": "Polygon",
        "coordinates": [
          [
            [
              72.82348656971214,
              18.946419721670168
            ],
            [
              72.8235424006105,
              18.946339429577563
            ],
            [
              72.82355376922683,
              18.946346352288046
            ],
            [
              72.82349829873166,
              18.946425945293
            ],
            [
              72.82349220297687,
              18.946423449551503
            ],
            [
              72.82348656971214,
              18.946419721670168
            ]
          ]
        ]
      }
    },
    {
      "type": "Feature",
      "properties": {
        "id": "staircase_6",
        "name": "Staircase 6",
        "type": "stairs",
        "category": "navigation",
        "floor_from": 0,
        "floor_to": 1,
        "accessible": false,
        "color": "#089c8d",
        "height": 8,
        "base": 0
      },
      "geometry": {
        "type": "Polygon",
        "coordinates": [
          [
            [
              72.82357000929176,
              18.94565560693715
            ],
            [
              72.82362653617383,
              18.945563638856697
            ],
            [
              72.82363823331019,
              18.945570502608362
            ],
            [
              72.82358110077945,
              18.945663183582425
            ],
            [
              72.82357000929176,
              18.94565560693715
            ]
          ]
        ]
      }
    },
    {
      "type": "Feature",
      "properties": {
        "id": "staircase_7",
        "name": "Staircase 7",
        "type": "stairs",
        "category": "navigation",
        "floor_from": 0,
        "floor_to": 1,
        "accessible": false,
        "color": "#089c8d",
        "height": 8,
        "base": 0
      },
      "geometry": {
        "type": "Polygon",
        "coordinates": [
          [
            [
              72.82372428890747,
              18.945747398839373
            ],
            [
              72.82377872649133,
              18.945656197205324
            ],
            [
              72.82379041253856,
              18.945662092693837
            ],
            [
              72.8237351819678,
              18.945754329492388
            ],
            [
              72.82372428890747,
              18.945747398839373
            ]
          ]
        ]
      }
    },
    {
      "type": "Feature",
      "properties": {
        "id": "staircase_8",
        "name": "Staircase 8",
        "type": "stairs",
        "category": "navigation",
        "floor_from": 0,
        "floor_to": 1,
        "accessible": false,
        "color": "#089c8d",
        "height": 8,
        "base": 0
      },
      "geometry": {
        "type": "Polygon",
        "coordinates": [
          [
            [
              72.8238647586181,
              18.945831099981902
            ],
            [
              72.82392391942105,
              18.9457311948793
            ],
            [
              72.82393590744829,
              18.945737180652557
            ],
            [
              72.82387596010335,
              18.945837829127598
            ],
            [
              72.8238647586181,
              18.945831099981902
            ]
          ]
        ]
      }
    },
    {
      "type": "Feature",
      "properties": {
        "id": "staircase_9",
        "name": "Staircase 9",
        "type": "stairs",
        "category": "navigation",
        "floor_from": 0,
        "floor_to": 1,
        "accessible": false,
        "color": "#089c8d",
        "height": 8,
        "base": 0
      },
      "geometry": {
        "type": "Polygon",
        "coordinates": [
          [
            [
              72.8238694103656,
              18.94584930611569
            ],
            [
              72.8238161881782,
              18.94592750291143
            ],
            [
              72.82380470648147,
              18.94592052812611
            ],
            [
              72.82385822619335,
              18.94584290140196
            ],
            [
              72.8238694103656,
              18.94584930611569
            ]
          ]
        ]
      }
    },
    {
      "type": "Feature",
      "properties": {
        "id": "staircase_10",
        "name": "Staircase 10",
        "type": "stairs",
        "category": "navigation",
        "floor_from": 0,
        "floor_to": 1,
        "accessible": false,
        "color": "#089c8d",
        "height": 8,
        "base": 0
      },
      "geometry": {
        "type": "Polygon",
        "coordinates": [
          [
            [
              72.82408133935942,
              18.945948987026426
            ],
            [
              72.82406989877285,
              18.9459424955637
            ],
            [
              72.82412573000397,
              18.945859430571545
            ],
            [
              72.82413684286544,
              18.945865970071026
            ],
            [
              72.82408133935942,
              18.945948987026426
            ]
          ]
        ]
      }
    },
    {
      "type": "Feature",
      "properties": {
        "id": "staircase_11",
        "name": "Staircase 11",
        "type": "stairs",
        "category": "navigation",
        "floor_from": 0,
        "floor_to": 1,
        "accessible": false,
        "color": "#089c8d",
        "height": 8,
        "base": 0
      },
      "geometry": {
        "type": "Polygon",
        "coordinates": [
          [
            [
              72.82447920245534,
              18.9446531148717
            ],
            [
              72.82449200898981,
              18.944658718402465
            ],
            [
              72.8244315454946,
              18.944741740996605
            ],
            [
              72.82442061818136,
              18.944734664197597
            ],
            [
              72.82447920245534,
              18.9446531148717
            ]
          ]
        ]
      }
    },
    {
      "type": "Feature",
      "properties": {
        "id": "staircase_12",
        "name": "Staircase 12",
        "type": "stairs",
        "category": "navigation",
        "floor_from": 0,
        "floor_to": 1,
        "accessible": false,
        "color": "#089c8d",
        "height": 8,
        "base": 0
      },
      "geometry": {
        "type": "Polygon",
        "coordinates": [
          [
            [
              72.8246052019501,
              18.944705420260078
            ],
            [
              72.8246176010131,
              18.94471018340643
            ],
            [
              72.82454302400762,
              18.944811339916384
            ],
            [
              72.8245320094733,
              18.944803822304692
            ],
            [
              72.8246052019501,
              18.944705420260078
            ]
          ]
        ]
      }
    },
    {
      "type": "Feature",
      "properties": {
        "id": "staircase_13",
        "name": "Staircase 13",
        "type": "stairs",
        "category": "navigation",
        "floor_from": 0,
        "floor_to": 1,
        "accessible": false,
        "color": "#089c8d",
        "height": 8,
        "base": 0
      },
      "geometry": {
        "type": "Polygon",
        "coordinates": [
          [
            [
              72.82480800306911,
              18.944838823394434
            ],
            [
              72.82473664545051,
              18.944944606749715
            ],
            [
              72.8247184172373,
              18.944934178182336
            ],
            [
              72.82478938439706,
              18.9448295920987
            ],
            [
              72.82480800306911,
              18.944838823394434
            ]
          ]
        ]
      }
    },
    {
      "type": "Feature",
      "properties": {
        "id": "staircase_14",
        "name": "Staircase 14",
        "type": "stairs",
        "category": "navigation",
        "floor_from": 0,
        "floor_to": 1,
        "accessible": false,
        "color": "#089c8d",
        "height": 8,
        "base": 0
      },
      "geometry": {
        "type": "Polygon",
        "coordinates": [
          [
            [
              72.82491134571328,
              18.94483534694382
            ],
            [
              72.82502259439417,
              18.944892906987377
            ],
            [
              72.82501350773768,
              18.944908448848793
            ],
            [
              72.82490040792098,
              18.944850862815258
            ],
            [
              72.82491134571328,
              18.94483534694382
            ]
          ]
        ]
      }
    },
    {
      "type": "Feature",
      "properties": {
        "id": "staircase_15",
        "name": "Staircase 15",
        "type": "stairs",
        "category": "navigation",
        "floor_from": 0,
        "floor_to": 1,
        "accessible": false,
        "color": "#089c8d",
        "height": 8,
        "base": 0
      },
      "geometry": {
        "type": "Polygon",
        "coordinates": [
          [
            [
              72.82418272758778,
              18.94445196666065
            ],
            [
              72.82419894217725,
              18.944462472875358
            ],
            [
              72.82414789936936,
              18.944546326443316
            ],
            [
              72.82412992934587,
              18.944535793584166
            ],
            [
              72.82418272758778,
              18.94445196666065
            ]
          ]
        ]
      }
    }
  ]
}